"","Size","Prot1Percents","Prot2Percents","Colocalization"
"Tracts",466,44.4444444444444,46.8208092485549,60.7142857142857
"Forks",243,17.7777777777778,12.7167630057803,7.14285714285714
"Unreplicated",1231,34.4444444444444,38.150289017341,25
"Total",1940,100,100,100
